date,pm25,no2,co,aqi
2024-01-01,42.74177110739368,40.78189941248189,0.7913184084483731,41.51863946192514
2024-01-02,39.82500266848526,36.08058289693692,0.6878966598578872,37.615642801902574
2024-01-03,44.01273769885227,41.61967918574265,0.7945835744383737,42.43810834953266
2024-01-04,48.64718568407493,33.16596863611449,0.735588682619766,41.62927025906947
2024-01-05,40.11870510744502,44.079604298648654,0.7677370946407617,40.96060478972473
2024-01-06,40.37584067696562,41.83709812876738,0.8897883496762915,41.63693327387594
2024-01-07,49.699184751027246,40.951606161832906,1.0030528639049465,47.16560286311296
2024-01-08,45.896355227463516,43.83608845710428,0.8806507846162775,44.90551199702581
2024-01-09,39.96726038028946,46.542124434487285,0.7267043399957659,41.21331092044857
2024-01-10,45.282197380651986,43.90968132763313,0.8958482100764574,44.77248518938051
2024-01-11,40.50631218358635,32.45775913335343,0.9761311616175383,39.75179544797459
2024-01-12,40.74791873017801,34.66909293272634,0.8005530595286475,38.78021784019339
2024-01-13,44.538634052892654,37.25137101178923,0.853174737233958,41.976475702322674
2024-01-14,34.01369026680026,39.81536471967284,0.8730706492747048,37.68216104204903
2024-01-15,35.20571026417764,41.73911421792927,0.7981161572266322,38.105750969733926
2024-01-16,41.26793471680672,36.720115521927625,0.9464154906446175,41.11415692142782
2024-01-17,39.263080891537015,40.321918941458705,0.8744499150034046,40.47261527824016
2024-01-18,46.1450550328207,36.50224402789068,0.9334296117875895,43.35749684265345
2024-01-19,40.27892454777941,37.023806318792964,0.8076316807274994,39.322920976802585
2024-01-20,38.00132498723524,33.786528787735584,0.857511039845893,37.71173152839723
2024-01-21,52.633385677253344,35.660746508687865,0.9783409724356887,46.79832651558992
2024-01-22,44.41698664092742,33.884675691566414,0.8736340476580252,41.110236504513885
2024-01-23,46.122592117093724,35.32290247649554,1.0883954069964226,44.54212087145975
2024-01-24,38.89857890702231,43.37321006910423,0.8804827782003317,41.26608025624574
2024-01-25,43.53599041655884,35.290580818067255,0.9476265533588837,41.83143498728843
2024-01-26,47.0462468368058,49.5445451006684,1.0230917609524384,48.6174045581278
2024-01-27,40.96847223899465,40.91245756871613,0.7926322292288202,40.68429568240037
2024-01-28,48.831744155271124,39.600050710120875,0.7629842000727777,43.925729291399605
2024-01-29,44.1778141521428,35.346169726284025,0.7910545205777271,40.60330319973387
2024-01-30,45.948164503433276,41.49713341110207,1.0743910753907113,46.167133028954375
2024-01-31,44.621531096634584,36.30705885393885,0.8974154685663868,42.177037890162815
2024-02-01,57.11262503302794,39.00881446959454,1.2128446107764903,52.387402965157236
2024-02-02,48.00259144938482,48.669753526623005,0.9049767915957512,47.65198969863682
2024-02-03,42.997975052734795,37.9513181194871,0.9841857242699896,42.726240204913424
2024-02-04,52.613250904882705,42.83632336271825,1.124221522144123,50.39973768269805
2024-02-05,42.6077858519519,35.327755234578625,1.1748493708520527,43.650713204870065
2024-02-06,49.96521827943523,37.899325656340366,1.184568363751869,48.19809047413841
2024-02-07,39.32880243232802,45.01891863206352,1.1033796840938521,44.20387364672158
2024-02-08,42.68977098212086,35.32193280561956,1.0890202771134065,42.83166810388036
2024-02-09,50.51579069269828,44.97136007697936,1.0498823851871717,49.24812722131467
2024-02-10,53.42177631550177,40.442050328429644,1.0724249759271582,49.56775301555136
2024-02-11,50.781360679584026,35.24839690846862,0.9433718138398302,45.3989175507309
2024-02-12,49.53841287055298,39.91289449625315,0.920513197307653,45.94820675722897
2024-02-13,48.800273030408555,41.15629304619257,1.0057783844260049,46.8048082733221
2024-02-14,43.09926495393757,39.63397370929839,0.9928190358630012,43.368014948388314
2024-02-15,47.07562829225308,30.744375862129743,0.9681741817518049,42.442868722283514
2024-02-16,48.55146671963975,33.99318517913024,1.0867319562344453,45.3410084759034
2024-02-17,56.316866475554356,35.78607334826087,1.1161556277462468,50.055811519717906
2024-02-18,52.922672763290635,36.350820263242674,1.0329323149381513,47.695905609999635
2024-02-19,42.55938635036477,39.001678348989834,1.175244750649095,44.73264418637029
2024-02-20,53.161642250233044,37.09829822424829,0.9166555366518309,46.87686595890932
2024-02-21,49.77902636398005,30.91272829501206,1.014722809393261,44.31055976442625
2024-02-22,48.479574849821866,37.63965541671109,0.9656014649667527,45.187698699591785
2024-02-23,55.078797766824486,38.42415212519445,0.8537546647450971,47.60419116842155
2024-02-24,57.32808349759017,38.08214352800784,1.0351936491179383,50.440621298376826
2024-02-25,56.9785488951172,40.025545829136355,1.0342682151523959,50.83962034782347
2024-02-26,48.271471779373925,38.89586298476606,1.2006961622339554,47.81145640745633
2024-02-27,51.063214205261104,37.252998523473565,1.1152666901458212,47.86017356113083
2024-02-28,54.40357352993073,34.99011424058913,0.9525264450253379,47.224085487395485
2024-02-29,57.75918500974884,28.479870387220274,1.2430384441161597,49.853938062202104
2024-03-01,50.61597413171751,36.69360576560215,1.1823402759714146,48.13947155525355
2024-03-02,52.21008069384456,35.65582816626463,1.1209772818901345,48.011561615703016
2024-03-03,47.729337779120314,35.75990752036152,1.0425718430980258,45.018359576648876
2024-03-04,47.39868707648988,29.41372773604181,0.9716504802655167,42.23996666171265
2024-03-05,57.55709215675464,30.04228615792759,1.0326685832885676,48.11791775864127
2024-03-06,60.38640733489366,38.42362012129251,1.1809790058112093,53.53007976194667
2024-03-07,53.351869214878334,33.89603666817335,1.262697027049061,49.47171587838178
2024-03-08,58.83223380520964,36.62230728479838,1.2306157391422095,52.70896647946643
2024-03-09,55.721305378926125,33.85047065242653,1.0293775628951316,48.30956951414234
2024-03-10,50.781959659318254,33.696006946314235,0.9681894253179766,45.18167616673317
2024-03-11,55.904818896670506,37.168842915582545,1.0960454420736891,50.06351674374691
2024-03-12,61.87412864373699,31.189241934250305,0.9068349796718577,49.36218669886216
2024-03-13,54.086717548877544,33.47465305151341,1.1176337263070244,48.26209195296304
2024-03-14,62.16674067794862,31.076902201513313,1.0721101893477047,51.127542892905346
2024-03-15,41.31822123763579,31.022984821245423,1.041735284974866,40.38335891494018
2024-03-16,58.59561158669894,31.358429476823442,0.9302516745697769,48.00785138209427
2024-03-17,54.98619416896346,33.31703230749421,1.1423791872124238,48.91199864885423
2024-03-18,53.11647007525697,30.34616236842897,1.0389600525855351,46.05168427401252
2024-03-19,55.12652900526237,37.11617096192457,0.9763628188806682,48.461743980015235
2024-03-20,44.78175248106968,28.346086610830284,0.807165719753318,38.96635942131711
2024-03-21,53.66874781209382,31.007828327568845,1.0925906545205641,47.06262894952321
2024-03-22,56.59580449346853,29.826669617934648,1.2734299923851704,49.980203055966356
2024-03-23,62.23845765001788,37.20331448958537,1.263105669980993,54.91127987169448
2024-03-24,52.291982049900746,32.03101174491419,1.0519570371667526,46.274864920092156
2024-03-25,50.87080058894334,35.20119162451617,1.0380441660320077,46.3761994421466
2024-03-26,52.429999724285004,24.96027460816252,1.1456531244516561,45.15961348910782
2024-03-27,59.536885185132704,31.79915236245781,0.9993589480136176,49.30177778143987
2024-03-28,56.62028686563189,34.11769308349978,1.129709816328616,49.84254952115204
2024-03-29,52.33994914976006,30.716358766023443,1.1763830312103742,47.1487125167908
2024-03-30,57.56286469526514,34.47708247462363,1.2226238729823982,51.35079581984364
2024-03-31,55.48524884278305,27.973881582560956,1.089981814272862,47.03460703888843
2024-04-01,59.84197483248552,35.508286799992234,1.0796076225787248,51.369549682027674
2024-04-02,51.482928740923604,38.89438944600792,1.0120656255305511,47.53043745956969
2024-04-03,53.34488500078666,28.075431875017046,1.016975879271524,45.26483085561369
2024-04-04,53.0082166473201,27.57290541990375,1.076727259069465,45.543252540325824
2024-04-05,47.63230878565196,34.99677395516658,1.135734221207869,45.672528791454646
2024-04-06,56.40718105183334,35.33008719559413,1.1898900559535344,50.70151724413025
2024-04-07,56.204129099910666,26.74921389543192,1.0176591597121898,46.30342031570681
2024-04-08,54.89227824311413,26.989105666274614,1.2466030760939886,48.00890158237934
2024-04-09,53.657228186609366,27.372307581111446,1.0694909169654454,45.735215537292575
2024-04-10,47.71236853920538,22.9516817008417,1.0936477155543056,41.678165935398255
2024-04-11,52.640671665872944,24.485408697486406,1.0201567976792123,43.86752641897452
2024-04-12,52.98063279204851,23.974531381685377,0.8514600814663528,42.197276625193396
2024-04-13,50.62877191337743,24.751577435618167,1.1812077048258156,44.551936235632326
2024-04-14,53.77534439110587,27.516346554748775,1.165319848697962,46.795774648957185
2024-04-15,56.53932102943365,28.42495829129789,1.062248579195398,47.419633794060175
2024-04-16,63.882987734514884,33.52385891963456,1.095740236291732,52.95605390606513
2024-04-17,55.253656318968645,23.162991964234802,1.139209266866599,45.96781841742075
2024-04-18,55.592966903070504,30.92909151754966,0.9298497133004794,46.373708039804946
2024-04-19,53.85319412135174,25.972131737206904,1.031603206269022,45.03426864452816
2024-04-20,44.547561074361106,26.4674573722084,1.1622548109793092,41.83656585863616
2024-04-21,53.92065081718539,29.202803416154133,0.9556354615717045,45.277521049155986
2024-04-22,54.262010015274825,21.851886678778115,1.1085729725280569,44.77230073655142
2024-04-23,66.18057139532283,27.712746782069615,0.9416290361955877,50.82040009423818
2024-04-24,52.8019495669853,26.690380690026664,1.1219180860611708,45.62726985111236
2024-04-25,55.166806163081304,27.837018978203552,1.0696172407985165,46.63068118298688
2024-04-26,53.37677818634405,26.867755196506437,0.9094935591068544,43.8436512431925
2024-04-27,47.594199172925975,35.377418778597445,1.1852257226661898,46.26258244670412
2024-04-28,59.0349739120175,22.8517126684737,0.9929580391090431,46.30258114764129
2024-04-29,56.95984822303691,23.126501459322228,0.9829784174906226,45.24765872422135
2024-04-30,57.03075451585506,22.607151230010352,1.0815688153358909,46.11321078028955
2024-05-01,48.40019464677498,22.72848097614378,1.173806373357845,42.75670534980907
2024-05-02,59.8288041009279,22.253013369218774,0.9547144690271083,46.137450751500666
2024-05-03,45.66948054633455,29.412340541620424,1.0597427021907162,42.255869457560564
2024-05-04,55.47316766028091,30.19358740911223,1.0936592938586485,47.73125299146061
2024-05-05,63.34759110990854,22.08550758225291,1.1172168203434873,49.47161603306502
2024-05-06,47.295389146035305,20.897661542065812,1.0626055709614972,40.54304874525237
2024-05-07,49.265710546800314,25.973047776909834,1.0052411999879511,42.477181606352616
2024-05-08,52.44099978217744,21.740547126387625,0.9560958370699129,42.30362239970414
2024-05-09,49.26736955559972,26.34501323839701,1.0443093448282519,42.98028219760148
2024-05-10,43.86994346517495,24.49065797153171,0.9252513112115517,38.5346822361625
2024-05-11,51.80114406588828,17.48354240771557,0.7370315354877022,38.51595011013583
2024-05-12,45.978483844349604,29.60600495833976,1.0694560286753694,42.56560369643042
2024-05-13,53.48629231590485,30.470911116706773,1.1127600873631984,47.01202036659644
2024-05-14,46.3462421401283,20.70965102181635,0.7825740226717626,37.21175660332668
2024-05-15,58.51482573022712,21.48543150428734,0.9143300036317948,44.84634235271771
2024-05-16,46.66748768992649,24.057194780255024,1.0735905091326732,41.28680737036648
2024-05-17,48.788910822276286,24.13115566440949,1.2137339150372632,43.77114126083362
2024-05-18,54.2791872290036,25.30923637455553,1.0063113936106458,44.79547846297492
2024-05-19,43.866636381033224,30.599778756351792,0.9276188651411467,40.38944046883361
2024-05-20,50.96464503115693,21.737277949297,0.9782572630522416,41.78607853088998
2024-05-21,56.166534469960595,19.140222828844593,1.1301040558857876,45.126374642491555
2024-05-22,41.39402604613138,16.706751618205622,0.9240324264662968,34.949362773190344
2024-05-23,50.152438292111434,19.19322928192707,0.904666179323973,39.88084972387357
2024-05-24,50.32377491961596,21.879698379641162,0.9322128667492736,41.04792564119306
2024-05-25,52.72589314327365,29.08806151032168,0.8810027148618708,43.899392173352034
2024-05-26,42.421830464174455,19.739405937174514,0.9843987119707769,36.97672413294735
2024-05-27,41.791555870731266,22.607450934810554,1.130344624570009,38.98145946150889
2024-05-28,50.78831440619425,21.551511363531247,0.9958800588737983,41.81841120089449
2024-05-29,49.445874088594934,26.278163864864023,0.9339836642359512,41.946222846116186
2024-05-30,48.99340011696718,31.54221974448445,0.9256375904132015,43.21574188596094
2024-05-31,49.25086824917151,19.223452364686658,0.794053463164067,38.33300446563243
2024-06-01,43.893966998737895,19.304171193816302,1.0341927898473229,38.08016275598707
2024-06-02,48.22866110091297,25.356163258717753,0.933564132600879,41.0568208540806
2024-06-03,48.30396276912029,23.82729019415848,0.9187240166934751,40.48740860974244
2024-06-04,43.03602467512559,28.409395367601796,1.2514663920896347,42.55549486873968
2024-06-05,55.7038776552671,23.28378084238988,0.9573753928274349,44.410827008624864
2024-06-06,48.509503986793256,19.439084057144488,0.847627682635168,38.562754036891654
2024-06-07,39.94733666383376,23.169759625583133,0.8754413233763857,35.679009453355675
2024-06-08,48.948387521228625,25.175566550393135,1.0281569604808651,42.30843333054091
2024-06-09,40.55229760980991,23.95903659304432,0.9198411602727068,36.662271385545324
2024-06-10,49.11960770877326,22.645322207020552,0.7598558959694833,38.951959476187625
2024-06-11,50.73410512840498,24.82482367001462,0.9907454381248795,42.72195404645567
2024-06-12,40.59319402227885,25.180003933868377,0.8271177037268487,36.121775228568424
2024-06-13,49.26757293532397,25.97896841559756,1.0763436234038017,43.19091322637927
2024-06-14,46.26736476267073,22.995512653761125,0.9920740091312297,39.953076268776
2024-06-15,48.06528319089256,19.68538592182015,0.834367458252527,38.28193195451759
2024-06-16,53.18929762048377,20.89675648848923,1.002208290317792,42.88575865996657
2024-06-17,42.22764447344483,25.094852493700806,0.875877252121924,37.4010505060519
2024-06-18,39.43413290980949,16.962872388279237,0.9493336421441608,34.29926459283013
2024-06-19,38.50252119877604,21.670001631875284,0.9074751486675205,34.82701257562581
2024-06-20,38.61744736105624,18.58955181295446,0.7692943102185814,32.578532326600275
2024-06-21,42.05659664700723,20.2483999628227,0.7844871206498091,34.94768951884852
2024-06-22,43.892747827881344,25.220665410725534,0.9467358408340787,38.97993194549912
2024-06-23,43.31467665843882,20.847623073086712,0.8051469200251203,35.96309445139663
2024-06-24,45.81080135200555,20.248280388262817,0.7931328558123089,36.91121335060471
2024-06-25,41.48306070664752,14.605361711935572,0.7328487670102244,32.451626537006675
2024-06-26,48.42846757428853,23.015002564858733,0.865575850329385,39.77449305989574
2024-06-27,39.57991499429711,22.600081379845715,1.0243164751340523,36.8131466624428
2024-06-28,54.246179328016055,28.662277742199542,0.7061533784759318,42.783306771427206
2024-06-29,43.51561334223203,18.772220575082883,0.8101674777354158,35.49114762099504
2024-06-30,35.84331717124892,20.8769717194931,0.9438041546081495,33.62279164755388
2024-07-01,34.51643255636412,20.997905143680367,0.7894537618088221,31.45212543937439
2024-07-02,42.02508547280894,26.313146633948783,0.8374916475568337,37.28140320215744
2024-07-03,38.23735257830279,19.62807671942989,0.6808539772839529,31.815639077819892
2024-07-04,42.66680330997357,21.134230758362772,0.8247667265110271,35.92133814760589
2024-07-05,41.20539093436578,22.461574339616007,0.7580696297295062,34.92186406636275
2024-07-06,38.217804189457645,20.79122276848068,0.8702119746228265,34.04838867150129
2024-07-07,34.09114630283256,18.276799737436104,0.8852409030199668,31.381022102846778
2024-07-08,30.494541214781968,20.85958677260033,1.020331910966087,31.708465748831955
2024-07-09,35.58043728586678,24.401384959735427,0.8142235582453954,33.25286971330797
2024-07-10,41.83988877753961,16.027359473439187,0.7837375277766617,33.56552750856818
2024-07-11,38.37396993476759,20.694785758851406,0.765508454440065,33.050505239439865
2024-07-12,30.821212759536415,17.394825136626988,0.7056815037808584,27.68586895856489
2024-07-13,37.66309089765897,25.010801587927553,0.7697921097142304,34.03270702235005
2024-07-14,38.472001845185005,14.17606900853228,0.7013681579169135,30.50250320432132
2024-07-15,31.87538011178031,18.074214353669582,0.742739443482681,28.787348796817838
2024-07-16,36.81364313880753,21.86270574334565,0.8526601057423938,33.4922343498314
2024-07-17,36.08758346424175,26.662769220339914,0.6152765409122711,32.19538790734556
2024-07-18,29.834456221744535,20.187331407155497,0.8249740103308575,29.223167636327492
2024-07-19,37.09233118770401,18.28202346531289,0.8377793944532386,32.408566577978256
2024-07-20,37.862795398473224,28.082753189420366,0.6893706026335331,34.249929682398054
2024-07-21,40.23107152581538,14.82417048092638,0.48413081629792054,29.40409507016481
2024-07-22,39.84330429922801,11.881884041774537,0.6307036820716265,29.793254182862633
2024-07-23,27.446033682155075,22.50081002827483,0.8163870650949216,28.637130500509205
2024-07-24,29.407020650577387,18.79892340540345,0.6796361107731719,27.13954845464145
2024-07-25,36.43483695380898,16.79132115176987,0.5772629891258226,29.02744471369368
2024-07-26,36.19392465501774,23.781493890283436,0.6220224058863122,31.45163455345702
2024-07-27,35.96745666627281,21.99776891974246,0.7519063673453068,32.10212268251221
2024-07-28,52.425057050646714,18.843409712706322,0.7179013487676004,39.044564926811255
2024-07-29,35.78705993835787,16.058302155757886,0.6347589377808714,29.058609993715017
2024-07-30,38.38373759427264,24.75175827700977,0.6174357466859242,32.79175374709849
2024-07-31,37.25138161577938,23.947732168202585,0.6104516410618852,31.91452686896932
2024-08-01,35.5160203912912,21.037786585872432,0.5529402642453941,29.59874881386127
2024-08-02,30.462703054369275,28.91113875526235,0.8023185544983643,31.927878698746984
2024-08-03,35.61623952435657,17.336863882517648,0.6041958215166708,29.051137142100288
2024-08-04,27.742034991159496,15.610198444556007,0.7538390733594968,26.09246776254152
2024-08-05,30.20932294773509,19.04221885379422,0.7799999248209478,28.61732637821529
2024-08-06,28.756403476467383,21.727485990828537,0.723495514127054,28.131402676752792
2024-08-07,31.385009748557774,22.985564068427117,0.5763507497607184,28.35168159241421
2024-08-08,42.34402383391763,21.152005210269426,0.6557876290446627,34.07548977048627
2024-08-09,21.23223181810374,23.632250116320918,0.608951594982158,23.795306893769727
2024-08-10,33.80048025332411,17.32725411023663,0.5170133999560181,27.268550359293226
2024-08-11,22.109075285915466,28.220125275566236,0.6358890210094349,25.879465435721954
2024-08-12,27.619382707849834,22.23035588771612,0.4816768616199598,25.29556673643935
2024-08-13,35.23315184268159,27.14424261021672,0.7145359160030518,32.90520786443633
2024-08-14,29.922181692172657,24.1642298899722,0.5455539022040676,27.665898835118668
2024-08-15,24.027521958745808,24.740746093970536,0.6084408825551307,25.520393633115372
2024-08-16,25.658327748560737,25.315306864960093,0.6130257130518257,26.554013064286657
2024-08-17,32.454625433376066,24.951640023823153,0.555242236403646,29.265227087871438
2024-08-18,25.22983667868538,25.85829146379486,0.6363027768929488,26.735433547410636
2024-08-19,29.79229053492975,28.73259427354924,0.5267095860781451,28.7830194103111
2024-08-20,28.76953000766093,24.33260354651038,0.6579631459085616,28.264177526869197
2024-08-21,25.118737641465305,26.51498091848056,0.432936819565213,24.84323129192895
2024-08-22,38.93497262044591,23.45434319022606,0.5769430014310268,32.273219281601044
2024-08-23,31.226852154850825,29.709908165309393,0.755038040771044,32.07677893472867
2024-08-24,17.777087871897795,21.381816343127138,0.45802288364315924,19.883317675318633
2024-08-25,28.6842008021584,31.430845566125985,0.4872640875137402,28.6439949460544
2024-08-26,24.29575469529942,24.20786095467344,0.6034845253487187,25.44508088753893
2024-08-27,31.723284482701573,18.788470008680612,0.567180534368369,27.16998858763866
2024-08-28,23.358660447540544,25.168692076833374,0.5814882927214369,25.044820774034655
2024-08-29,26.611485246418102,22.078355248545318,0.5926220620898184,25.85546981867083
2024-08-30,29.577804474153613,28.312963648739693,0.6045295084412036,29.32808641611075
2024-08-31,31.253181190210782,22.48921741849984,0.6494580885828259,28.8679367064836
2024-09-01,20.798334905118082,23.46575554647038,0.5769782045007906,23.208676161508063
2024-09-02,25.006633981352863,17.84450968169683,0.5094570377492978,22.951240272678458
2024-09-03,24.187684083171586,23.746992941957558,0.5985055828998005,25.202995753171066
2024-09-04,23.18301680226118,16.015563314359333,0.7189814527921163,23.585991923359554
2024-09-05,35.168201749992235,19.53160262822806,0.5135552363334779,28.579134026799313
2024-09-06,28.261154163913876,29.06623048175162,0.4272719817151178,27.123166043633603
2024-09-07,19.83121939542837,29.32630843193674,0.6334208502707693,25.0477107300029
2024-09-08,30.628450769704187,28.044605012167168,0.5087447042932465,28.815053931434708
2024-09-09,36.55756079063169,22.635620874970865,0.301668641509967,28.086153072906775
2024-09-10,31.020909151899424,26.47446678625021,0.6019138246979161,29.471932858803935
2024-09-11,18.17772647004736,26.813676957746665,0.46195870740095635,21.752553396357243
2024-09-12,23.27361468621206,22.358343166873148,0.5048423727804504,23.39273402097248
2024-09-13,31.953788491123664,33.170001334258565,0.5455826879607126,31.38372152544653
2024-09-14,22.009594443443866,30.831306110680938,0.5300088034086621,25.554277089012835
2024-09-15,27.700030395370177,26.604242665833148,0.5805638468066847,27.63692646550188
2024-09-16,29.291397317710768,27.762629460274017,0.4648159039542974,27.622646536480563
2024-09-17,20.72518938262406,28.65629892782489,0.5585074146278978,24.544558515938473
2024-09-18,25.00816784500865,19.824154974996485,0.4801612247479613,23.252942662482884
2024-09-19,9.0497650199549,27.171306953340814,0.5790030824947557,18.46630542092725
2024-09-20,20.0888395438711,25.601546752987613,0.5657523034121562,23.382406831953396
2024-09-21,23.906995389549095,24.492965976973814,0.4098528527258385,23.399916015125076
2024-09-22,18.894373130273934,27.545451763114215,0.6112639924194669,23.823462018265904
2024-09-23,33.26320378064696,36.031400111443084,0.4484266007083709,31.925287930840113
2024-09-24,17.922713443686373,31.575170057739317,0.5822741864979053,24.256649604144034
2024-09-25,22.849894040202532,26.898520087564584,0.5377310608138832,24.87181365450947
2024-09-26,25.68494547344957,31.645246630931474,0.6844432194198946,29.18047892020317
2024-09-27,32.22317071155508,35.124207863119686,0.4779894870873048,31.42874258558649
2024-09-28,17.827495033792445,33.39733168318199,0.46520443618197316,23.584991383670552
2024-09-29,30.817068880953727,30.109418518930607,0.49808304181480534,29.422190414304097
2024-09-30,25.051304209055086,27.45528827214014,0.4696847997957154,25.45908658412674
2024-10-01,20.095929215061883,33.00805422881658,0.5800636396002379,25.751017272178295
2024-10-02,27.3217672027211,31.96116435060874,0.33859393578443614,26.63517226438753
2024-10-03,26.018767160533887,34.13994278111696,0.3951011317386954,27.202377731988985
2024-10-04,22.039041017583692,33.27163850570866,0.39402221590963404,24.941234219600783
2024-10-05,25.410225482742405,35.100726961587746,0.596255060353204,29.197881433379568
2024-10-06,23.16016341228192,28.93287262039936,0.672795965190007,26.987903144160835
2024-10-07,25.684253584987257,36.51436890140519,0.49188841532087324,28.71532161612392
2024-10-08,28.46166594629494,32.20580137094003,0.48613807915479307,28.75395417597741
2024-10-09,33.11984244481696,39.886637341532406,0.5108003835931223,33.633916260799424
2024-10-10,19.04381525458437,28.998563631856005,0.6208456852351913,24.4299335692009
2024-10-11,35.94556981920719,38.868371032369296,0.41287274549945985,33.762023674308985
2024-10-12,15.571835879802643,32.88478959348108,0.5304823958217815,22.956178776163462
2024-10-13,24.62956769723577,29.655484840625085,0.6052896264265168,27.264325565070582
2024-10-14,28.39062720465028,30.49295388474207,0.5590902404385324,28.934102172133088
2024-10-15,26.91886027385234,31.313728737920712,0.5292361803634179,28.14591056193656
2024-10-16,22.469555642812516,34.457633516582355,0.6117656740950239,27.6897246173312
2024-10-17,24.615866349335036,35.01734530847548,0.24280632272250463,25.241199994435206
2024-10-18,23.26914758227853,30.795369927995157,0.5824705770645446,26.697890540183263
2024-10-19,22.8692304038718,33.15600247807587,0.45091351545911484,25.89055109994981
2024-10-20,30.150169615976694,41.98478912612602,0.33497989293178576,31.02032047514401
2024-10-21,27.77751899748136,40.4871550687341,0.5709690913056205,31.744596932417117
2024-10-22,22.62232677000878,35.48249182660082,0.6591033494425369,28.546944427410004
2024-10-23,30.68343006141673,34.04831840798067,0.5099637622222405,30.655848175324973
2024-10-24,27.824577781603043,34.534382590473015,0.6210490582646938,30.483094250590362
2024-10-25,30.459103402155257,36.66508059888256,0.6891236819580737,33.12031270032313
2024-10-26,29.65368116483441,30.27534205876702,0.6616021844627318,30.52546504467463
2024-10-27,22.475304748496406,33.49121588962966,0.6964020489992747,28.24903763112985
2024-10-28,23.938082149864698,27.99925587606966,0.6089924961241802,26.45874279899505
2024-10-29,30.598092448452658,36.4219699080333,0.5447758523468863,31.67339572010518
2024-10-30,30.04000600622337,37.56391664788276,0.379566512391404,30.084843121390556
2024-10-31,27.014032656042215,33.19096827208674,0.5177645637042643,28.641952446689775
2024-11-01,27.839380543630995,41.566724139583854,0.4607302130101225,30.997009643791877
2024-11-02,33.77904839442495,30.513215554550445,0.7649087500594379,33.692576364171984
2024-11-03,24.574583660333733,29.702674845731163,0.533060230847024,26.528696592356454
2024-11-04,30.41333860631397,36.60023020115776,0.5658775146877243,31.845513510381554
2024-11-05,26.815950852720114,40.0313749467323,0.6116868199018386,31.53425610939813
2024-11-06,26.89117766124374,42.71751990989063,0.5639519181848424,31.900363985437483
2024-11-07,33.629699408584294,34.28332696121148,0.7322214070160421,34.42206186281601
2024-11-08,32.42264397887851,40.56882906357764,0.5036463085053221,33.41843379356577
2024-11-09,32.52632577674412,36.23346034251244,0.5886362974585428,33.01956396571122
2024-11-10,35.152806908593206,35.82848075902385,0.49826119888662646,33.30755967087002
2024-11-11,28.90043789271547,40.18319372958956,0.44390612256896295,30.944238290924236
2024-11-12,32.378509512015036,39.38543940412057,0.5181979840202757,33.186866417446446
2024-11-13,27.594005642594034,30.596165254492725,0.5792031088063851,28.767883485708687
2024-11-14,30.945982428215586,42.93143614059515,0.5435727908637417,33.788149964923754
2024-11-15,28.85740982238687,42.66709927701941,0.5209204038971204,32.43803873327046
2024-11-16,30.179188316608577,34.76382444164753,0.4532524234657164,30.05126572545571
2024-11-17,32.859130844690384,38.9664776737807,0.5893563570872469,34.013072295351876
2024-11-18,25.984377310198454,39.47438475717664,0.4510375771242161,29.344879853494376
2024-11-19,40.732492962902576,38.65373764990338,0.6814167280584658,38.77653505700696
2024-11-20,25.438428579148827,35.520345229609966,0.6176142850263971,29.551460708721372
2024-11-21,24.598355709448317,35.14330756501842,0.4676308255212466,27.518478379442147
2024-11-22,36.66340131577344,37.83349980555569,0.5865360312604758,35.54711091215818
2024-11-23,35.037413165403215,42.730195695365666,0.5463663533527126,35.80142882483843
2024-11-24,34.40859498345376,40.314861553459906,0.6576773690057777,35.87552964782263
2024-11-25,34.64120120195462,36.756772729231116,0.764034517714979,35.987977596896435
2024-11-26,31.652236438251123,41.42235256097907,0.44675215908513943,32.72034557827068
2024-11-27,27.443650569496356,27.03524489102753,0.650101056453252,28.333409316588956
2024-11-28,32.52778868048538,43.11583801250151,0.6269620382336709,35.46826612632985
2024-11-29,28.98412728465788,31.650755043777544,0.7145327244894153,31.13261740035636
2024-11-30,37.468965414689094,37.246130127853576,0.6731869977757757,36.64019172345838
2024-12-01,32.083705490752486,34.300921268504304,0.5811829147913817,32.14395827384135
2024-12-02,28.91925995249467,33.68198031245776,0.6290295251624829,30.85451932160949
2024-12-03,31.669630665628873,43.58249311470665,0.5859286117975279,34.76884938520171
2024-12-04,35.57302338312165,37.14421203607127,0.7777680360947303,36.70745566332951
2024-12-05,30.923473196795374,40.47419190031789,0.6769730840834992,34.37372500932805
2024-12-06,29.866578184078236,38.970960567156126,0.8696726718135086,35.32130398032104
2024-12-07,35.43348496380545,41.13455879729736,0.6782348967454558,36.83945908854649
2024-12-08,35.678964712183515,39.59870167827277,0.6182419604417517,35.901512463991104
2024-12-09,32.16014229049877,34.2217105963772,0.5425257240858057,31.7718415650206
2024-12-10,32.581964977996684,43.39824045291703,0.5184291624961715,34.49474624983517
2024-12-11,36.34120476140271,37.494851198115505,0.5452055071917414,34.87111281205342
2024-12-12,28.18575992266904,33.29744816266497,0.7352362977042616,31.434477387176628
2024-12-13,28.635444634908076,37.86239123968674,0.7643277724588105,33.31971741394816
2024-12-14,32.32840653072624,45.62612993707873,0.5602934825365551,35.45497707185229
2024-12-15,35.102464814697946,43.069365104506744,0.8128978428727551,38.601020367428546
2024-12-16,37.97444633790077,38.31639198119807,0.6800920650298711,37.28306141360852
2024-12-17,44.04795838968526,38.353614505298225,0.748102847297305,41.01109201940515
2024-12-18,41.211730617980805,38.50086059479962,0.8996907128649567,41.15303061607985
2024-12-19,36.3769067025342,48.12824799292337,0.83321591863358,40.95908693547991
2024-12-20,37.335521797764386,41.37994287648682,0.7217589919549735,38.29933368137797
2024-12-21,32.67272086684674,41.60039324540126,0.664588131259187,35.462359719635614
2024-12-22,37.84825273833907,44.0264583374496,0.5436348282330901,37.56841215273532
2024-12-23,36.75358613190902,40.88264386068346,0.6920222546059522,37.56180877021907
2024-12-24,40.06706733997891,38.91053961583239,0.7479564668829999,39.18626022356917
2024-12-25,34.574373301176685,39.177582353006166,0.6754926076636476,35.79538743312667
2024-12-26,41.56469616917105,39.6898980154096,0.7662335752500734,40.351653241709144
2024-12-27,46.889399556664074,39.83777921684539,0.7921992881289006,43.31802642467466
2024-12-28,38.939875083374524,42.90459218194496,0.7671879183323684,40.01319437959444
2024-12-29,41.75035826815718,40.20630193532036,0.7298357350709035,40.23542706538373
2024-12-30,43.45071995855557,42.93056030886232,0.8168654671966731,42.773182743903206
2024-12-31,38.25209798290833,39.675652071656835,0.8493580718036912,39.522325330988124
2025-01-01,41.3786627513896,40.313059153355525,0.6961240991024659,39.74449011272612
2025-01-02,40.57928617825016,32.001271269268614,0.9514197214614508,39.40422168452017
2025-01-03,41.262675501092964,43.65197886169469,0.80562708693855,41.783202278440385
2025-01-04,37.16698748275746,41.36225695665782,0.8225256903351807,39.21742773172789
2025-01-05,41.41202285235641,43.95502218878469,0.8966108819468896,42.85862690228251
2025-01-06,44.036516917938776,28.361686686340448,0.8542521223605807,39.06928568847733
2025-01-07,49.0588387124655,48.28098604370032,0.9313760768611303,48.32747593795415
2025-01-08,46.855535712125004,39.346966008701536,0.8698960481541619,43.93081814021458
2025-01-09,53.080544597522,44.31295792358704,0.7850489087352406,47.68464876318952
2025-01-10,38.73265934828191,35.69257735905848,0.8875382957750535,38.94948583960904
2025-01-11,47.185003831252054,42.272351678930285,0.742095392220907,43.695161341514186
2025-01-12,43.99327752672105,35.573738546974525,0.8723873205382381,41.39263353283527
2025-01-13,54.277837361150844,37.255569479788726,0.8632534548368036,46.94812407288008
2025-01-14,39.538600063313496,47.36712593429665,0.8507901440745311,42.48733925269106
2025-01-15,39.63169021583892,38.90574853299939,0.8637522373909631,40.12509204172891
2025-01-16,41.08240913579147,40.49282226726038,0.6934025427104678,39.62307667517853
2025-01-17,33.7077578716601,43.05512280630541,0.8316722390900866,38.08713816862254
2025-01-18,41.945043261440524,41.50650330919439,0.9007608575109982,42.43208119858856
2025-01-19,41.02338161761698,40.07155315133506,0.9123665377074495,41.6568221312835
2025-01-20,45.81481242629274,40.87301718499337,0.7984893557856383,43.15420492650076
2025-01-21,47.013921711531374,48.96734183408458,1.0326736207393816,48.52389961338488
2025-01-22,54.92672233943953,39.0609389258974,0.8242998780457518,47.42464162794651
2025-01-23,50.53707028458436,40.030791675264744,1.0126447419257558,47.40422006412916
2025-01-24,43.13780155977758,43.36126046670332,0.9631658329489604,44.208937249389386
2025-01-25,41.76583068244296,43.51028010522697,0.8605353497993148,42.54135287078272
2025-01-26,48.95122974578899,43.76313806356036,1.1073637670260805,48.67819396222341
2025-01-27,40.12227409100295,41.49410685330931,0.8151051193464752,40.660420294959025
2025-01-28,56.11054789281454,34.28868656441945,1.0309804986318554,48.651684902051656
2025-01-29,53.07820820534326,45.31332697621326,1.0436783838390344,50.569886033925954
2025-01-30,45.06075499187613,34.110512321391354,0.8810706441403288,41.57423763375876
2025-01-31,39.06439151232718,39.82015201984608,1.0918478131620644,42.396719493738054
2025-02-01,54.620595981310316,35.503671810935664,0.9320200307497698,47.28159984143356
2025-02-02,47.4973783468114,38.17286198717586,0.9902709143894757,45.10325691345321
2025-02-03,54.47561125738161,39.650607359599626,0.991762777827408,49.05061561484477
2025-02-04,40.52838805039492,39.524658919376634,0.9565796527402806,41.687388228413255
2025-02-05,45.71512898703815,39.82814395202331,1.0553209093521185,45.35921677264726
2025-02-06,48.94711880300236,44.49412469456281,1.0577668781434504,48.399465591304526
2025-02-07,49.362056020550604,39.749853295577395,0.8076898637107197,44.682882636055716
2025-02-08,47.0803738692168,36.85317449560804,1.1170480488200756,45.76661977149156
2025-02-09,52.64573417509016,41.57791451814507,0.8243804914634858,47.04004635762346
2025-02-10,44.39134126861175,42.36892454230631,1.0978434887446602,45.88478288444437
2025-02-11,49.21262184852771,32.587832751497714,1.1111608991554418,45.49426974126759
2025-02-12,50.718132441053676,39.7728638194305,0.8932364426283639,46.223289792639626
2025-02-13,52.87798567864874,40.07076621692925,0.9650344013716415,48.11056671811956
2025-02-14,54.049949296219154,35.95647984698964,0.8992670312669004,46.804588914875474
2025-02-15,45.05163887503728,42.52810199493805,0.992004883655659,45.20429887255664
2025-02-16,43.18408972076057,36.30151153429961,0.9862897830701998,42.345396151372164
2025-02-17,57.41963945395233,37.278453704353055,1.0985911601161296,50.879267439443375
2025-02-18,52.86615137534629,35.95626668250738,1.1551225009209274,48.771180701634634
2025-02-19,47.63215444439567,36.581306149113,1.1670601236225644,46.46107030315738
2025-02-20,59.29698228087169,32.00239387293446,0.9746076454073511,48.99528575638969
2025-02-21,52.28281093752592,30.493902199475286,1.01316656794678,45.42124180807335
2025-02-22,57.76067077167079,42.49688426558713,0.8689398778049381,50.31879944356091
2025-02-23,52.35800872967069,32.59396375078585,0.9598213198027843,45.55540668809895
2025-02-24,62.47682550952035,31.877412338458456,1.1399468810119542,52.20110526641726
2025-02-25,61.09885251175223,27.08886247250301,1.2080012483455473,50.75609748108249
2025-02-26,51.222738653091746,33.00432737581244,0.9259163007217501,44.771830546507104
2025-02-27,57.467130839288956,30.123919032929823,0.9929390957750541,47.700132087273964
2025-02-28,55.97413612083865,41.838837726969196,1.0523045517623657,51.06176489613374
2025-03-01,59.72461716179879,39.162982478654776,1.0856453033647016,52.46765635814284
2025-03-02,48.187228018043434,32.222531508360916,0.9792765544267146,43.55313900579714
2025-03-03,56.56863287715584,43.83482063898942,1.105173615989682,52.48649879017157
2025-03-04,58.55313508339839,38.600654119546405,1.0178363182759174,51.03512696032229
2025-03-05,44.58602276477766,33.22139650528856,1.0661491768500366,42.920922102475764
2025-03-06,47.57817048145478,24.36888946006635,1.1245176856960428,42.34492893570772
2025-03-07,43.40904630323904,43.37477899832386,1.0727463708218845,45.444420559335526
2025-03-08,52.36488565055721,28.49596741654559,1.0305998074029432,45.03723112427171
2025-03-09,57.40228059472933,27.314709507480313,1.0653304059224076,47.548857208832835
2025-03-10,61.42491051416809,37.82747887594325,1.0694262091532256,52.75496101139928
2025-03-11,54.37803233444275,43.33599201368834,1.043150065658665,50.62131442791453
2025-03-12,62.24091859698489,38.95279896572063,1.0560772111158585,53.36707109936722
2025-03-13,47.28343852033269,35.50905732732924,1.2435436332786145,46.72987279115126
2025-03-14,45.74893554765153,35.46918731041062,1.1414088996826701,44.92931296377566
2025-03-15,54.06578390439549,36.33966559145471,1.0573224161746557,48.508015791380714
2025-03-16,56.33727400278105,35.796684090121744,1.1580343756127638,50.48798598455469
2025-03-17,54.32262532435236,33.7198836665755,1.0563400323208554,47.84067808535738
2025-03-18,44.21374832757322,32.84530163676686,1.2083316403141164,44.04378105795783
2025-03-19,54.16590663002237,32.010784343484794,1.1291943557715356,47.978132175771975
2025-03-20,48.145377620060586,29.077288104163777,1.0826242880512742,43.62211812179217
2025-03-21,58.06795979822434,30.801815512241205,1.1391636336625106,49.66616088940963
2025-03-22,56.60009848176562,24.98348764743274,0.9382545298187779,45.17764083330041
2025-03-23,50.11084270427302,31.19223534385235,0.9835280858272154,44.24837281356437
2025-03-24,52.27965283962683,27.461038523566764,0.9775872478863005,44.15401045574645
2025-03-25,49.58726553182423,26.830435370004807,1.1119609723017505,43.96237309993106
2025-03-26,54.59987311704342,31.793390071255544,1.271516872016695,49.553122300065326
2025-03-27,59.71449654471388,36.470525245688805,1.321905713463417,54.01746298069775
2025-03-28,50.03124436494461,34.404217722990026,1.1630026020765225,46.96691352013454
2025-03-29,57.49676389492269,24.277167486513324,1.149615073841115,47.52768293182649
2025-03-30,52.33746207673305,26.428710262640394,0.9196692299566313,43.29403641672496
2025-03-31,51.03216336838664,33.97824572631509,1.0456631706205652,46.1661871082935
2025-04-01,54.46470929627006,26.113085808809206,1.0212188467300332,45.27846885807813
2025-04-02,49.8225382677242,28.972364439261813,1.03789023777131,43.98188084335375
2025-04-03,52.224947683574456,31.899005347629128,1.0830495023477282,46.51267046955325
2025-04-04,48.99380627083126,25.653408297321143,1.0524548569057974,42.71747419366995
2025-04-05,64.79238307756283,29.77641753009068,0.9014451672220389,50.34356847002901
2025-04-06,55.126201286171195,23.847134067022957,1.1737886961380046,46.455127824572536
2025-04-07,51.42795212654754,26.60632803686643,0.9912572907562287,43.608447381895985
2025-04-08,55.968752292682325,30.119781740615146,1.1219017411913392,48.2393280804391
2025-04-09,54.30507071144768,22.297878000531366,1.304742486173034,46.88932361761359
2025-04-10,53.72531585581899,30.26134496839507,1.00466481791106,45.98770959753861
2025-04-11,57.86005574967458,28.250932549272083,0.8427556927145161,45.83286456676407
2025-04-12,58.53143682993626,30.36997630109179,1.0662775434059835,49.039486739355496
2025-04-13,52.041699636629716,28.886750984952293,1.203980070993504,46.72667582373559
2025-04-14,51.76106705626212,33.27932941593006,1.28863791061177,48.75071145902778
2025-04-15,53.20651446367769,28.15598411488753,0.9686804995434768,44.73685746173987
2025-04-16,43.009460921683036,25.770477196650795,1.1400512572308714,40.63638619214547
2025-04-17,46.876102917469474,27.811046960507394,1.0425101188912393,42.206466735799346
2025-04-18,61.21513859203207,29.329600243335516,1.0770205096657754,50.176654465674446
2025-04-19,62.5300535169631,27.187242204946145,1.3505386336908372,52.92658575687376
2025-04-20,52.98024350240068,26.99045387892447,0.9342114411641361,43.929372326519044
2025-04-21,57.024201966135145,23.857345459591112,1.1082023091665838,46.751327712610745
2025-04-22,55.60947096714916,23.851921777283927,1.1278337210651728,46.238649227411486
2025-04-23,69.35526300784588,20.732353677828538,1.1877958118053284,52.77529572532479
2025-04-24,59.46223539006928,33.18141477008117,1.0870855320050177,50.556397446109166
2025-04-25,53.124166433487076,21.0491189156093,1.1060801417682284,43.93762030910861
2025-04-26,48.88136724841112,23.09559313098733,1.0340165322860857,41.70952688636261
2025-04-27,45.518105433582406,22.837451558598374,1.0979194348219161,40.58948253258988
2025-04-28,54.45490754035975,29.135915726731632,1.0344325596707316,46.31255408490668
2025-04-29,49.53910611302088,24.22287389231085,1.1285743857744532,43.32215908194823
2025-04-30,46.08891451161466,30.241457570024437,1.0270426275876974,42.38732080269163
2025-05-01,49.84273035942719,22.405750838733937,1.0992219350030152,42.63530978136393
2025-05-02,47.5393919026767,26.066366101680007,1.0560163570464756,42.1497693523071
2025-05-03,61.25054072161022,21.461173665405816,1.1689016760021649,48.75263922044851
2025-05-04,57.0869346450432,33.236870928283764,1.0484353448470705,48.99888204947744
2025-05-05,52.49901898469647,19.76117674103476,0.873474397004903,40.912606484707695
2025-05-06,59.79503367530878,25.607775598158923,1.174098409688572,49.32083361398779
2025-05-07,52.63491230992684,26.76219135821112,0.9543881853475129,43.88999541590188
2025-05-08,47.79077818817286,25.74258194117021,0.9765673500314014,41.383837176751506
2025-05-09,59.55836334308752,23.208288668000677,0.9792887297304356,46.53455556924832
2025-05-10,54.479298044604015,23.29400316844126,1.1731387658406962,45.95923763124135
2025-05-11,46.43702984887333,23.854211776042952,0.8188977910122428,38.56375636737198
2025-05-12,50.5066358014401,22.958510861190543,1.3429414372031623,45.57028553110884
2025-05-13,46.91191114605634,27.27150062019915,1.1314057291662079,42.95146305074999
2025-05-14,44.204331507907256,32.12949243069009,1.0446904946674949,42.187918429835605
2025-05-15,55.57425104895552,20.93083864372256,1.0133778661643178,44.200155779237704
2025-05-16,60.312236907490075,17.557025825714966,1.0438584815885543,45.861811017345076
2025-05-17,43.59091628251196,22.560605023950384,1.0637873258700874,39.201512907141975
2025-05-18,53.21406458675752,33.112165855078665,1.072505926661099,47.26574131651335
2025-05-19,46.95838829654611,19.460361011985288,1.0597924694434497,39.91522714630314
2025-05-20,47.58533104437952,29.115427823062664,1.009377227389585,42.62106614300441
2025-05-21,46.86537573694193,29.15587011557896,0.9768130651319931,41.94757955446458
2025-05-22,45.310866850149374,20.11905884016643,0.977489085605618,38.4660419331808
2025-05-23,49.67405035866165,24.499960847004832,0.9691380163434822,41.8783935968671
2025-05-24,45.07451841739473,28.6305359342089,1.0979623896757047,42.106043885717085
2025-05-25,50.37664507727303,20.495695307186402,1.039842891195563,41.735460042748066
2025-05-26,48.56558823714141,21.09550861584108,0.6822967122213139,37.43441382553617
2025-05-27,47.411843784232815,19.483127477524626,1.0377217580242735,39.92807771561653
2025-05-28,43.85602062594466,17.653272205483496,0.9873503981949305,37.09749595656668
2025-05-29,45.2947499252681,19.02009276755823,0.9617012559176056,37.97041535207757
2025-05-30,51.73790685155778,16.62882970402266,0.9203671691396914,40.061274028382606
2025-05-31,50.2455218033597,21.570823914026867,1.0672299893033572,42.26630796892148
2025-06-01,42.63085097769388,18.267034532133373,1.0451251902460186,37.246787750947135
2025-06-02,47.79075213377648,22.19707261105218,0.8685940453502461,39.240438303706355
2025-06-03,50.8243282319669,14.955937165626956,0.9820530810146127,39.71947607581767
2025-06-04,38.491573997020026,22.423245164511062,0.839606334598409,34.36882389384742
2025-06-05,49.3245827271571,24.35668191109336,0.7941938188262555,39.911234125169116
2025-06-06,43.06188630481408,12.973125530800203,0.8648283795318698,34.071164606965795
2025-06-07,48.99333272520011,22.372478699683015,1.0090461348829622,41.29887132133458
2025-06-08,42.08755836713441,25.717816272707065,1.0133895875345487,38.89301994072481
2025-06-09,36.641208974736884,15.902188153296681,0.9646209315709189,32.73747024906663
2025-06-10,37.2879937715307,27.36739741560568,0.98102369790373,36.664453089484354
2025-06-11,45.42460942336791,22.292302120055542,0.9553015225127159,38.95301057282778
2025-06-12,46.23973974197537,17.73807748862437,0.8346743851450639,36.78803696902563
2025-06-13,40.17502248851536,20.279745261454863,0.9371243667481421,35.54267849017556
2025-06-14,47.643654582989235,22.68364010153434,0.9690547983048154,40.31746730500308
2025-06-15,35.89585981664344,20.7046946690522,0.9594983355411223,33.7543216644486
2025-06-16,43.62458339768352,22.50888221287304,0.9979909849658664,38.54486621236234
2025-06-17,37.650251708401754,16.627207370438477,0.9449370388643871,33.262658453976286
2025-06-18,40.195404514448384,20.94625992381169,0.9042365218233419,35.42394545260112
2025-06-19,43.43980708817901,14.575757084608263,0.9710712984635816,35.8033436541078
2025-06-20,38.64802652048389,19.750404150988878,0.856349741013167,33.81263191567028
2025-06-21,40.77372106473431,16.547276496404745,0.765742510594897,33.008468587237545
2025-06-22,47.473569240149956,17.19130090072436,0.8325354074871788,37.21952896516407
2025-06-23,39.30252860618238,25.05123066113809,0.7692494945953177,34.85912844738579
2025-06-24,46.109683222114434,24.448467283384176,0.7711066257383362,38.100448053455835
2025-06-25,36.026350833537336,22.49908667926693,0.8190458350649568,32.953359771198315
2025-06-26,44.0670721368344,15.675535217164931,0.7491190328451636,34.227386962018315
2025-06-27,48.36864029179145,18.76435450197064,0.7924197908061349,37.73782440454827
2025-06-28,28.544976659850445,24.870535455198148,0.6287025165143594,28.020674131628258
2025-06-29,36.660857217715574,20.57612650353732,0.8342360406386531,32.84562696630552
2025-06-30,43.272637239309695,29.280651674821662,0.8078660796043623,38.499174918144966
2025-07-01,39.11387802311537,21.57364176641483,0.7208732359597876,33.23776390108001
2025-07-02,41.726624413526224,20.76856687479747,0.8633424677766341,35.727306946968696
2025-07-03,36.59279746301391,18.76686765808488,0.8860114816945162,32.786573845877584
2025-07-04,39.78761544229655,20.54342246810683,0.6263373436617434,32.32020789819776
2025-07-05,38.31841466255271,19.408265309759237,0.7056635389336409,32.03832231354053
2025-07-06,44.67811311979709,22.862423007504212,0.6998698212512312,36.196481674662124
2025-07-07,39.85405296924807,23.871595543033585,0.6776486649439538,33.86499179697365
2025-07-08,40.01312820355059,16.91857635360642,0.8494497820566665,33.576634828423884
2025-07-09,36.00939250759895,14.758294986775988,0.7419929328869455,29.852114078701728
2025-07-10,35.37498092583942,12.762036467883153,0.7298087567929767,28.81418897121442
2025-07-11,35.39510386682415,22.165385978733603,0.5507716596777698,29.854884323809856
2025-07-12,39.27576192600805,15.749440637568407,0.809611827303254,32.45883142730709
2025-07-13,34.94498424899504,11.583746024573749,0.6170722935765799,27.118338867635444
2025-07-14,38.246060552885126,21.784929490352038,0.7419369883946941,33.07787900749511
2025-07-15,46.92241893976802,30.24081469739854,0.7586459927266356,40.11991380636993
2025-07-16,40.65029080994444,20.285618096596362,0.8619592054395846,35.030422888346976
2025-07-17,34.41489994824069,23.70782134089413,0.5900183122696867,30.21997949908545
2025-07-18,41.80260948283148,20.727990537592813,0.4139795818581527,31.25949772127511
2025-07-19,33.50893084578989,20.054773838682877,0.7293711086933224,30.064608661433034
2025-07-20,25.11277171007333,24.179127504036757,0.8861190058703374,28.671314164951067
2025-07-21,30.01844121204503,19.3970267349034,0.8250720906265847,29.07904953275938
2025-07-22,25.46185570480972,21.685795338878968,0.7172822477262426,26.409488931330976
2025-07-23,32.81672661884695,21.96389909303892,0.642322262217865,29.4207556595138
2025-07-24,34.42647241788829,18.068390413489308,0.7673998701025417,30.307752034016357
2025-07-25,42.478332411529415,24.775309700959987,0.5845682970326131,34.517442086378836
2025-07-26,35.4942974865865,20.17641339351109,0.7248289892909356,31.048362654255932
2025-07-27,32.52949225641237,17.925087463114643,0.7230469139257966,28.872741506398544
2025-07-28,37.53924614066002,23.168605438939277,0.7738653554447396,33.45885825645919
2025-07-29,22.105723052333687,17.505852308489086,0.9391939958385702,25.696557177099272
2025-07-30,34.110680175434865,21.292244379917978,0.6978937444157176,30.421950845850006
2025-07-31,36.56023536280448,21.22545297731238,0.603221825296643,30.679971827562383
2025-08-01,25.088441569414158,25.69050971969425,0.6470700247470679,26.72207394808603
2025-08-02,37.977834350796854,23.333282972509775,0.4682736922063325,30.671638989214685
2025-08-03,33.73153131504307,21.42448293609111,0.5713096724425143,29.006207262774012
2025-08-04,29.74495385238623,24.888268144623407,0.5954996246264944,28.29395361584508
2025-08-05,34.77007039437878,27.273129324324216,0.579714381483488,31.36411780932153
2025-08-06,42.74688027045711,24.041092358726647,0.6431038068320749,35.016805911167296
2025-08-07,32.092552490905376,21.95124053562405,0.5414224310740379,28.045872716880282
2025-08-08,32.21674198312784,16.76486134173571,0.7316158477649705,28.453987871734338
2025-08-09,28.473926502848865,17.856494789393256,0.6154353265028215,25.748264953270624
2025-08-10,26.31933593373852,21.00312971284506,0.6104411235073882,25.56501811579666
2025-08-11,34.520858384172776,19.89536299836127,0.5745941143777392,28.974979235372164
2025-08-12,25.892235512319388,21.697181647331412,0.6189721612231724,25.64499386259084
2025-08-13,30.336873222893963,22.785560300874824,0.6820906672027036,28.825011373736466
2025-08-14,27.40011162401918,24.79383030129113,0.5090549555858053,26.228754458254983
2025-08-15,31.995680725427302,22.51133339222502,0.5262039830263813,28.013280210644968
2025-08-16,31.08455637482708,24.859739792660207,0.5579523140901803,28.579723266113405
2025-08-17,34.42254601615007,23.294135403271756,0.4501098335498901,28.700611964555463
2025-08-18,26.50655469442895,15.258939518338408,0.49920694780190394,22.823028680735035
2025-08-19,27.532295160804207,19.530058849049666,0.5300113093909554,24.925278329026558
2025-08-20,23.816179008108342,22.83963393013305,0.6616388698116703,25.37636838121079
2025-08-21,26.3202045077613,18.70773989634007,0.5970895490630297,24.74331971341297
2025-08-22,30.263241844718653,26.07868080811133,0.5868937787266423,28.824162952059147
2025-08-23,32.000195257046045,29.936289296749756,0.6493948396931829,31.47493281447978
2025-08-24,23.446430422372643,28.82448671030077,0.5474079620252759,25.844640844529312
2025-08-25,32.25083040571413,23.233614067643387,0.5971025010966057,29.06652443411614
2025-08-26,34.53011852233602,30.189988381882532,0.5447164092729757,31.769219868462525
2025-08-27,29.671861535259865,24.96316258605926,0.57862997532279,28.11117929667561
2025-08-28,36.84509687151078,23.163226532680646,0.49094649041325095,30.280981299692094
2025-08-29,23.452318144186183,22.202663763026457,0.302543566966438,21.41239387066541
2025-08-30,20.961893937195512,23.59268313249233,0.5302754328564216,22.861506236909673
2025-08-31,18.159266834729934,23.39768217861988,0.6833321751950207,22.932259822901138
2025-09-01,34.40462677680609,25.781378225211355,0.6311096446113629,31.247823302080082
2025-09-02,30.071645222167255,25.89278520352896,0.6325360872670565,29.12901904481288
2025-09-03,26.40121680600533,25.414856686092612,0.6571958753917739,27.39702416274819
2025-09-04,27.96225377057547,27.303970897939266,0.5401139718756711,27.57345787342622
2025-09-05,20.822217728637856,30.473665720020524,0.5487248300431543,25.04045688075663
2025-09-06,38.56969044667089,29.66543046393625,0.4650534214283002,32.83500857679932
2025-09-07,26.882351518985235,20.08497998337482,0.493117626579477,24.39784602029983
2025-09-08,26.682613140128062,15.967423257725594,0.5842898983191862,23.97443253057357
2025-09-09,29.66797415392377,30.080054409984402,0.6411712644054879,30.269716044012085
2025-09-10,28.351825964252093,21.036010653826033,0.5049909685432706,25.53662586370656
2025-09-11,26.978002970539347,25.766250603247396,0.47215273049773276,25.940403971221222
2025-09-12,21.822204022590867,22.1476350098715,0.5155443218820084,22.71083573307697
2025-09-13,28.052126836223295,19.78388017332324,0.574016375903778,25.7013912291464
2025-09-14,35.029355227565716,29.322259040009115,0.36799917329045695,29.99134705869016
2025-09-15,32.27504200231266,30.358477589588837,0.2813407401170317,28.058471679203297
2025-09-16,33.446866387836025,25.182057758244927,0.4545649801436224,28.823700322827715
2025-09-17,22.86214866840816,17.290916935716254,0.3862932984198658,20.481282399117614
2025-09-18,20.41181763922157,25.637789903024746,0.45638281504555844,22.461073940973794
2025-09-19,24.67686002481941,29.558310470303834,0.4913378606246059,26.119301759746914
2025-09-20,25.534726281743737,22.244370208326686,0.4597971935037041,24.038646138406914
2025-09-21,30.68173534289729,29.062923424095427,0.6494623084579254,30.554367783256524
2025-09-22,16.7075129979408,28.438206619861493,0.53607119939053,22.24593047883415
2025-09-23,32.78104063740125,30.987018933062387,0.5327132167630465,31.013758166249808
2025-09-24,24.311107768093837,29.318975477701606,0.5642436596241159,26.59368312359856
2025-09-25,22.939014983752436,25.119522849145056,0.38758509489171383,22.881215295536876
2025-09-26,19.989594597386613,33.969522053353735,0.6049135082157759,26.23478899685719
2025-09-27,16.756959227690267,28.72079721339896,0.49304842308683644,21.925203008733185
2025-09-28,29.13265718603407,29.41756795873595,0.5673841470486113,29.065440451123933
2025-09-29,25.37339562563166,25.965725115238133,0.39295039248977737,24.40591927228504
2025-09-30,18.55144562147366,28.09776803448387,0.34464912580197216,21.151544479101712
2025-10-01,18.524745043639072,26.50382452685483,0.5817917438816458,23.031437318692443
2025-10-02,23.324548973850998,29.52337673466853,0.5377104020157845,25.896391527483903
2025-10-03,33.356357457851715,37.234056729491115,0.4100198411923439,31.94859415969663
2025-10-04,23.72551192584851,25.071565329280602,0.41350306552586136,23.51925621696705
2025-10-05,17.524410637787135,24.276705707473813,0.6133459865090303,22.178676896226012
2025-10-06,23.83249973736259,36.78719741028484,0.38228311186911357,26.77524021045788
2025-10-07,23.723113547852368,30.236518758034165,0.6660019232574108,27.59253163391054
2025-10-08,11.632233644023158,28.56850168422822,0.41227126370983347,18.50937996437838
2025-10-09,24.879538241100644,35.575021701754736,0.5668594440346324,28.780870071423067
2025-10-10,24.03508571304681,29.16313169208389,0.4709333197069057,25.47581556121763
2025-10-11,28.713924572785707,39.059353758402025,0.5649765980826066,31.72453439473953
2025-10-12,34.52518342065259,34.636219305065374,0.45119665870709796,32.165424088916886
2025-10-13,30.965100025153937,30.14150082704768,0.4903662069410736,29.428662330102007
2025-10-14,24.044049719639535,40.890389708144895,0.5118617809878461,29.407759582141697
2025-10-15,19.916411628519043,30.005637528946004,0.4087620778664006,23.047517851607328
2025-10-16,38.38069995142648,35.56349945873522,0.5843604532455562,35.70300434578937
2025-10-17,25.879145411987928,33.958140052600655,0.4603397081911512,27.730411803685673
2025-10-18,25.726124060686143,38.132968513928674,0.4902695604884265,29.205648189405938
2025-10-19,25.613526820022678,39.336214730656884,0.41524810765060266,28.760108905714432
2025-10-20,26.806477992432132,33.381437443382865,0.2600877178923262,26.018547408154188
2025-10-21,25.18035707125186,30.40203621029383,0.49894040635741455,26.700193462288222
2025-10-22,23.12413153325494,35.41687096008772,0.761110373514414,29.798230789797927
2025-10-23,23.35258004011009,31.02633566889627,0.6001979237160435,26.986169957884364
2025-10-24,26.021664333170484,41.949853485414366,0.5217825757115702,30.813613969325253
2025-10-25,23.570956321551172,34.60039860793092,0.49947252062357317,27.160322949390594
2025-10-26,22.830563894574635,32.74972250271246,0.5301424454404139,26.541623152505192
2025-10-27,27.037688093675833,35.105233543020276,0.584822650621848,29.898640615962478
2025-10-28,25.34539371600249,29.132216881204254,0.41432431453125096,25.55560506767503
2025-10-29,34.25895229376299,30.787136017537414,0.6462119164838782,32.8277361169815
2025-10-30,13.60677538087129,39.62673304938988,0.6087706200008514,24.77911380526112
2025-10-31,32.445688938668354,32.347555773186215,0.6115816661519143,32.04292786280918
2025-11-01,33.348966588351104,30.936070190556478,0.5862183863982319,31.817488215324815
2025-11-02,16.885792465046336,37.41738809653287,0.5470165383111407,25.138278044594436
2025-11-03,25.67728594508108,40.159094825211795,0.6151006019063385,31.03737743916746
2025-11-04,25.675236274533923,38.43598760923071,0.6098302254643956,30.46671667468013
2025-11-05,20.640293226874675,39.686613670141135,0.5181529629151733,27.407660343631413
2025-11-06,23.937830676935206,32.81580138200584,0.49917810500810167,26.80543680315037
2025-11-07,22.4267044500507,30.29456647709178,0.5697773030737956,25.99949519889084
2025-11-08,36.89716736576646,42.12419862050919,0.7176183181224856,38.26202645026084
2025-11-09,32.97395419967567,34.96338637448391,0.4420005371133772,31.395998383316776
2025-11-10,34.81655307171172,35.384162154695076,0.4224230253595746,32.24775543586013
2025-11-11,32.23377319303774,41.83176652618336,0.588984341580083,34.55625997017471
2025-11-12,23.150159828465526,38.873474017245506,0.5809971438766354,29.04709355817277
2025-11-13,26.346143324141345,38.59969897879332,0.596709059547845,30.72007195118712
2025-11-14,31.592212231700906,45.56174326203406,0.6073021083020764,35.53765017748143
2025-11-15,23.214511621313648,34.45120182017099,0.564182787851987,27.58444423522799
2025-11-16,33.07311724508723,40.85809437275456,0.7391488457447142,36.18547539181712
2025-11-17,28.49258150085431,37.494127747273986,0.43379377198524827,29.832466794461833
2025-11-18,28.009241679757828,38.4576326554841,0.5148172118720917,30.69008275524506
2025-11-19,33.630280567383274,43.61213771769581,0.5911841385124116,35.81062298412449
2025-11-20,32.49187314190547,39.64238561176624,0.44109225057408874,32.54957476022349
2025-11-21,28.663684657551936,39.87475016119018,0.5917848692897397,32.21211607003042
2025-11-22,36.46594779020822,42.11983038600984,0.7795329920405415,38.664252931312475
2025-11-23,25.467530310273617,36.47590517134993,0.6195455877950583,29.87199258449237
2025-11-24,34.15877773030986,34.682440948972186,0.6446520844836392,33.93064199468298
2025-11-25,34.2535021880349,33.96122415899804,0.49974344144660166,32.31255275618288
2025-11-26,29.95174145906327,30.373803700071534,0.5683533323087168,29.771545162640265
2025-11-27,33.344135413696286,46.56038623814698,0.5967497680173203,36.60768125846544
2025-11-28,25.674354544998998,34.0165819106611,0.606826938862887,29.1104212343267
2025-11-29,36.76890098555125,37.635760716670006,0.7711396972907119,37.38657568068374
2025-11-30,31.445425160003495,37.50235695933426,0.7031678229168812,34.00509789697084
2025-12-01,29.979751645005145,39.92552068470251,0.5407215392583036,32.37474742049636
2025-12-02,38.06403852744762,42.042549697166066,0.6810303258084641,38.45508743095827
2025-12-03,29.525027483743433,42.30260016878036,0.7107570935788232,34.56086472829406
2025-12-04,26.23425339207604,36.606876210916816,0.7795461013300035,31.894650572613102
2025-12-05,25.72522024412401,38.346529986173195,0.8282213908917079,32.64878302683104
2025-12-06,36.772145717543445,40.21849617534823,0.5733325000335181,36.184946711711376
2025-12-07,27.575533399428977,38.16387837793868,0.598467852117174,31.221608734267836
2025-12-08,42.98901981626771,45.65577779248485,0.5585431922354562,40.776675168233865
2025-12-09,24.044484817221296,41.255313920584754,0.6656806512221,31.055643097007074
2025-12-10,43.177140008804614,42.29319063733075,0.7405330007917219,41.68185720351875
2025-12-11,35.992243842101395,42.06469824979812,0.7974765817806763,38.590297213796894
2025-12-12,34.697389515262564,44.163772960702055,0.6960239991280381,37.55806663712228
2025-12-13,32.70158619611091,40.2478619921188,0.6765388802776289,35.190540498467385
2025-12-14,37.668444078551204,34.387524091727,0.7286310693606911,36.43678996040062
2025-12-15,35.73245412486418,41.22184258155205,0.6348982625767662,36.58176246266537
2025-12-16,41.686209983339786,37.06305056088545,0.932347883634621,41.28549899628174
2025-12-17,36.99104675322095,37.59653379183048,0.5676320674864092,35.450804189023714
2025-12-18,37.422686112246886,42.096101397592314,0.7518976039883225,38.859149515284365
2025-12-19,35.10537144090143,44.74053308540369,0.9408292719623783,40.3831383656956
2025-12-20,36.891871233746,39.906342365624255,0.7442119715030266,37.859958041590545
2025-12-21,38.96961168173813,41.08753311795646,0.7296081532454073,39.107147308710076
2025-12-22,29.134525726752656,46.68908643517793,0.717962811519673,35.753616909126436
2025-12-23,31.199891307772454,40.8683372392765,0.7407772001897798,35.268218827566976
2025-12-24,41.91319979662328,50.33421968129898,0.9012224339978473,45.06909014267981
2025-12-25,39.307801728928176,42.20874678164138,0.5478832996328187,37.79535789528469
2025-12-26,37.7906113371749,32.91993071272281,0.9275539305083986,38.04682418748828
2025-12-27,39.06013326329215,42.989669537483984,0.6369635567142894,38.796603060034165
2025-12-28,40.96361351845954,41.511301702415864,0.7578488669095823,40.513685939050355
2025-12-29,36.784877424112004,45.153085023728025,0.7467490744833101,39.40585496400751
2025-12-30,35.8502760306509,42.691243797171,0.8536913201303215,39.26942435577996
